epoch,time,train/box_loss,train/cls_loss,train/l1_loss,metrics/precision(B),metrics/recall(B),metrics/mAP50(B),metrics/mAP50-95(B),val/box_loss,val/cls_loss,val/l1_loss,lr/pg0,lr/pg1,lr/pg2
1,145.135,2.3189,5.39327,0.01181,0.25183,0.24365,0.15511,0.05003,2.19058,3.91276,0.01159,0.000302613,0.000302613,0.000302613
2,243.917,2.19946,3.09856,0.01096,0.24017,0.25539,0.17923,0.06293,2.12906,3.11337,0.01099,0.000599617,0.000599617,0.000599617
3,340.828,2.19264,2.95227,0.0109,0.24829,0.2537,0.1767,0.06194,2.14049,2.97544,0.01113,0.000890622,0.000890622,0.000890622
4,436.096,2.18296,2.87454,0.01095,0.24923,0.27519,0.19884,0.07138,2.05917,2.89018,0.01064,0.000882003,0.000882003,0.000882003
5,533.537,2.15947,2.79353,0.01063,0.29994,0.30466,0.22523,0.08389,2.05071,2.73814,0.01049,0.000873004,0.000873004,0.000873004
6,631.368,2.11661,2.73136,0.01052,0.30122,0.30616,0.23862,0.08553,2.09429,2.85041,0.01079,0.000864004,0.000864004,0.000864004
7,729.774,2.11811,2.65718,0.01032,0.29687,0.29882,0.24804,0.08934,2.05436,2.66547,0.01054,0.000855005,0.000855005,0.000855005
8,832.031,2.10334,2.62824,0.01038,0.28546,0.29764,0.22355,0.08253,2.0412,2.72109,0.01053,0.000846006,0.000846006,0.000846006
9,935.24,2.08879,2.57881,0.01027,0.34878,0.30547,0.25582,0.09051,2.06053,2.63653,0.01053,0.000837007,0.000837007,0.000837007
10,1038.17,2.08346,2.5345,0.01022,0.34684,0.32508,0.25798,0.09478,2.07776,2.57561,0.01067,0.000828008,0.000828008,0.000828008
11,1138.06,2.06611,2.49892,0.01008,0.34472,0.32337,0.27465,0.09807,2.09295,2.56073,0.01057,0.000819009,0.000819009,0.000819009
12,1240.3,2.05954,2.45519,0.01011,0.3439,0.33739,0.27823,0.10028,2.13601,2.51742,0.01086,0.00081001,0.00081001,0.00081001
13,1343.28,2.06383,2.42381,0.01009,0.36295,0.33435,0.28941,0.10679,2.02239,2.53483,0.01035,0.000801011,0.000801011,0.000801011
14,1442.34,2.06521,2.39459,0.01015,0.39774,0.35288,0.31448,0.1167,2.02628,2.43283,0.01038,0.000792012,0.000792012,0.000792012
15,1541.98,2.03761,2.36817,0.01007,0.37895,0.36712,0.32791,0.11991,2.0319,2.38239,0.0105,0.000783013,0.000783013,0.000783013
16,1645.49,2.04583,2.33788,0.0099,0.37895,0.36414,0.31635,0.11773,2.0512,2.40134,0.01054,0.000774013,0.000774013,0.000774013
17,1744.73,2.03463,2.32556,0.00996,0.37466,0.35645,0.30877,0.11341,2.10704,2.42137,0.01054,0.000765014,0.000765014,0.000765014
18,1843.31,2.03251,2.27612,0.00985,0.38332,0.36423,0.3142,0.11697,2.08468,2.39949,0.01074,0.000756015,0.000756015,0.000756015
19,1946.45,2.01683,2.23302,0.00981,0.3769,0.36645,0.31596,0.11435,2.10306,2.3719,0.01082,0.000747016,0.000747016,0.000747016
20,2050.39,2.01532,2.21754,0.00982,0.39471,0.37007,0.33356,0.12347,2.0832,2.34761,0.01074,0.000738017,0.000738017,0.000738017
21,2150.83,2.00249,2.17976,0.00974,0.3652,0.36959,0.3154,0.1159,2.09361,2.37459,0.01063,0.000729018,0.000729018,0.000729018
22,2249.2,1.9994,2.15599,0.00968,0.38082,0.37497,0.32935,0.12248,2.07883,2.34478,0.01058,0.000720019,0.000720019,0.000720019
23,2346.44,1.99736,2.11469,0.0097,0.40282,0.38141,0.33416,0.12176,2.09607,2.36634,0.01066,0.00071102,0.00071102,0.00071102
24,2581.97,1.99571,2.1058,0.00968,0.42187,0.37525,0.34066,0.1241,2.09908,2.33202,0.01065,0.000702021,0.000702021,0.000702021
25,2928.16,1.98771,2.07919,0.0096,0.42753,0.37835,0.35165,0.13044,2.0988,2.29306,0.01088,0.000693022,0.000693022,0.000693022
26,3026.61,1.9901,2.05198,0.00959,0.40369,0.38304,0.33434,0.12443,2.12863,2.32607,0.01112,0.000684022,0.000684022,0.000684022
27,3125,1.97636,2.0192,0.00957,0.42902,0.40018,0.36456,0.1355,2.09249,2.24653,0.01092,0.000675023,0.000675023,0.000675023
28,3224.1,1.97079,1.99507,0.00953,0.43721,0.38684,0.3528,0.13184,2.11634,2.28274,0.01106,0.000666024,0.000666024,0.000666024
29,3322.49,1.96528,1.97299,0.00952,0.40828,0.36722,0.32548,0.11779,2.17905,2.31579,0.0112,0.000657025,0.000657025,0.000657025
30,3421.45,1.95595,1.93779,0.00946,0.42373,0.36693,0.33972,0.12572,2.13439,2.29469,0.01111,0.000648026,0.000648026,0.000648026
31,3518.64,1.9558,1.912,0.00942,0.44142,0.38827,0.35746,0.13178,2.14353,2.27085,0.01111,0.000639027,0.000639027,0.000639027
32,3615.08,1.93884,1.88402,0.00943,0.39974,0.39628,0.34581,0.12699,2.15669,2.31273,0.0112,0.000630028,0.000630028,0.000630028
33,3711.73,1.93541,1.85412,0.00937,0.42009,0.39051,0.34319,0.12488,2.17457,2.24809,0.01144,0.000621029,0.000621029,0.000621029
34,3808.74,1.93739,1.83588,0.00933,0.40617,0.38977,0.34495,0.1255,2.18986,2.27205,0.01151,0.00061203,0.00061203,0.00061203
35,3905.02,1.93054,1.81135,0.00926,0.39034,0.41148,0.34305,0.12619,2.17914,2.2597,0.01151,0.000603031,0.000603031,0.000603031
36,4002.92,1.92235,1.77357,0.0092,0.40236,0.38795,0.34261,0.12481,2.20087,2.31738,0.01149,0.000594031,0.000594031,0.000594031
37,4103.13,1.9157,1.77807,0.00915,0.41676,0.3858,0.34882,0.12747,2.16736,2.31379,0.01137,0.000585032,0.000585032,0.000585032
38,4202.84,1.90559,1.74968,0.0092,0.41473,0.38957,0.34789,0.12596,2.21937,2.24339,0.0117,0.000576033,0.000576033,0.000576033
39,4304.39,1.88923,1.72164,0.00902,0.43163,0.38586,0.34409,0.1259,2.15335,2.30029,0.01126,0.000567034,0.000567034,0.000567034
40,4401.24,1.89229,1.68442,0.00896,0.44213,0.38621,0.35294,0.12854,2.21892,2.28424,0.01162,0.000558035,0.000558035,0.000558035
41,4501.73,1.89038,1.66761,0.009,0.40502,0.41216,0.33316,0.12014,2.22054,2.2776,0.01173,0.000549036,0.000549036,0.000549036
42,4598.43,1.88128,1.67015,0.00886,0.42939,0.39284,0.34518,0.13092,2.17497,2.29596,0.01156,0.000540037,0.000540037,0.000540037
